CATEGORY	BIBTEXKEY	author	title	year	(title_translation)	publisher	address	pages	booktitle	(booktitle_translation)	editor	journal	volume	number	school	note	url	howpublished	contributor	date_added	comment	correction_notes	checked
book	abdullaev1950	Abdullaev, Sajgid N.	Darginsko-russkij slovarʹ 	1950	Russian-Dargwa dictionary	Institut istorii, jazyka i literatury im. G. Cadasy	Maxačkala				Sulejmanov X. Š.								Polina Smyr	30.08.2021			Y
book	abdullaev1954	Abdullaev, Sajgid N.	Grammatika darginskogo jazyka	1954	Dargwa grammar	IJaLI	Maxačkala																Y
book	abdullaevaetal2014	Abdullaeva, Ajšat Z. i Gadžiaxmedov, Nurmagomed È. i Kadyradžiev, Kalsyn S. i Kerimov, Ibragim A. i Olʹmesov, Nurmagomed X. i Xangišiev, Džangiši M.	Sovremennyj kumykskij jazyk	2014	Contemporary Kumyk	IJaLI	Maxačkala																Y
misc	abdulmutalibov2005	Abdulmutalibov N.Š.	Russko-lezginskij razgovornik	2005	Russian-Lezgian phrasebook		Maxačkala									Accessed: 2021-12-17		\url{http://cathedra.dgu.ru/Content/files/%D0%A4%D0%B8%D0%BB%D0%BE%D0%BB%D0%BE%D0%B3%D0%B8%D1%87%D0%B5%D1%81%D0%BA%D0%B8%D0%B9%20%D1%84%D0%B0%D0%BA%D1%83%D0%BB%D1%8C%D1%82%D0%B5%D1%82/%D0%9D_%D0%A8_%20%D0%90%D0%B1%D0%B4%D1%83%D0%BB%D0%BC%D1%83%D1%82%D0%B0%D0%BB%D0%B8%D0%B1%D0%BE%D0%B2%20%D0%A0%D1%83%D1%81%D1%81%D0%BA%D0%BE-%D0%BB%D0%B5%D0%B7%D0%B3%D0%B8%D0%BD%D1%81%D0%BA%D0%B8%D0%B9%20%D1%80%D0%B0%D0%B7%D0%B3%D0%BE%D0%B2%D0%BE%D1%80%D0%BD%D0%B8%D0%BA.pdf}	Chiara Naccarato	17.12.2021		author name	Y
incollection	alekseev1994	Alekseev, Mikhail E.	Rutul	1994		Caravan Books	Delmar NY	147--212	The indigenous languages of the Caucasus. Volume 4. Part 2		Smeets, Riek												Y
incollection	alekseev1998	Alekseev, Mixail E.	Andijskij jazyk	1998	Andi	Academia	Moskva	221--228	Jazyki mira. Kavkazskie jazyki	Languages of the world. Caucasian languages	Alekseev, Mixail E. i dr.								Chiara Naccarato	18.08.2021			Y
incollection	alekseyev2016rutul	Alekseyev, Mikhail	Rutul	2016		De Gruyter Mouton	Berlin/Boston	3536--3545	Word-Formation. An International Handbook of the Languages of Europe. Volume 5		Müller, Peter O. and Ohnheiser, Ingeborg and Olsen, Susan and Rainer, Franz										corrected spelling of surname + bibtexkey		Y
book	alekseevataev1997	Alekseev, Mixail Egorovič i Ataev, Boris Maxaevič	Avarskij jazyk	1997	Avar language	Akademija	Moskva												George Moroz	28.04.2021			Y
book	alekseevetal1998	Alekseev, Mixail E. i Klimov, Georgij A. i Starostin, Sergej A. i Testelec, Jakov G. 	Jazyki mira. Kavkazskie jazyki	1998	Languages of the world. Caucasian languages	Academia	Moskva												Chiara Naccarato	18.08.2021			Y
book	alekseevetal2008	Alekseev, Mixail E. i Majsak, Timur A. i Ganenkov, Dmitrij S. i Lander, Jurij A.	Udinskij sbornik: Grammatika. Leksika. Istorija jazyka	2008	Udi. Grammar. Lexicon. History of the language	Akademija	Moskva																Y
book	alekseevetal2012	Alekseev, Mixail E. i Ataev, Boris Maxaevič i Magomedov, Magomed Abdulkadirovič i Magomedov, Magomed Ibragimovič i Madieva, Gjulʹžagan Ismailovna i Saidova, Patimat Abdulaevna i Samedov, Džalilʹ Samedovič	Sovremennyj avarskij jazyk	2012	Contemporary Avar language	Aleph	Maxačkala												Samira Verhees				Y
book	alekseevshixalieva2003	Alekseev, Mixail E. i Šixalieva, Sabrina X.	Tabasaranskij jazyk	2003	Tabasaran	Akademija	Moskva																Y
incollection	alekseyev2016	Alekseyev, Mikhail	Botlikh	2016		De Gruyter Mouton	Berlin/Boston	3678--3685	Word-Formation. An International Handbook of the Languages of Europe. Volume 5		Müller, Peter O. and Ohnheiser, Ingeborg and Olsen, Susan and Rainer, Franz								Chiara Naccarato	05.02.2021	NOT IN THE FOLDER		Y
unpublished	alexeyevverheesdraft2020	Alexeyev, Mikhail and Verhees, Samira	Botlikh	2020		De Gruyter Mouton	Berlin/New York		The Caucasian Languages. An International Handbook		Koryakov, Yuri and Maisak, Timur										NOT IN THE FOLDER		Y
phdthesis	alisultanova2009	Alisultanova, Mesedu A.	Leksika andijskogo jazyka	2009			Maxačkala								Dagestanskij naučnyj centr Rossijskoj akademii nauk  Institut jazyka, literatury i iskusstva im. Gamzata Cadasy				Sara Zadykyan				Y
book	alisultanovsulejmanova2019	Alisultanov, Alisultan S. i Sulejmanova, Taisija A.	Rutulʹsko-russkij slovarʹ	2019	Rutul-Russian dictionary	ALEF	Maxačkala														there are two versions in  the folder: pdf and xlsx parsed by GM		Y
book	authier2009	Authier, Gilles	Grammaire kryz	2009		Peeters	Paris												Chiara Naccarato	17.12.2021			Y
article	authier2010	Authier, Gilles	Azeri morphology in Kryz (East Caucasian)	2010				14--42				Turkic Languages	14						Samira Verhees				Y
book	authier2012	Authier, Gilles	Grammaire juhuri, ou judéo-tat, langue iranienne des Juifs du Caucase de l’est	2012		Dr. Ludwig Reichert Verlag Wiesbaden	Wiesbaden												Chiara Naccarato				Y
unpublished	authierdraft2020	Authier, Gilles	Tindi	2020		De Gruyter Mouton	Berlin/New York		The Caucasian Languages. An International Handbook		Koryakov, Yuri and Maisak, Timur								Samira Verhees				Y
incollection	authierhaciyev2016	Authier, Gilles and Adigözel Haciyev	Budugh	2016		De Gruyter Mouton	Berlin/Boston	3546--3563	Word-Formation. An International Handbook of the Languages of Europe. Volume 5		Müller, Peter O. and Ohnheiser, Ingeborg and Olsen, Susan and Rainer, Franz												Y
phdthesis	azaev1974	Azaev, Xalil G.	Leksika i slovoobrazovanie botlixskogo jazyka	1974	Lexicon and word formation in Botlikh		Maxačkala								Dagestanskij filial AN SSSR, Institut istorii jazyka i literatury im. G. Cadasy				Chiara Naccarato	05.02.2021			Y
incollection	azaev2000	Azaev, Xalil G.	Botlixskij jazyk	2000	Botlikh	Vostok	Moskva/Maxačkala	346--359	Jazyki Dagestana	Languages of Daghestan	Gamzatov, Gadži G.								Chiara Naccarato	05.02.2021			Y
phdthesis	babaliyeva2013	Babaliyeva, Ayten	Études sur la morphosyntaxe du tabasaran littéraire	2013											École Pratique des Hautes Études				Chiara Naccarato	05.11.2021			Y
book	baskakov1940	Baskakov, Nikolaj A.	Nogajskij jazyk i ego dialekty: grammatika, teksty i slovarʹ	1940	Nogai and its dialects: grammar, texts and dictionary	Izdatelʹstvo Akademii nauk SSSR	Moskva																Y
incollection	baskakov1996	Baskakov, Nikolaj A.	Nogajskij jazyk	1996	Nogai language	Institut jazykoznanija RAN	Moskva	328--335	Jazyki mira. Tjurkskie jazyki	Languages of the world. Turkic languages	Rogova, Natalʹja V. i Romanova, Olʹga I. i Čerkasova, I. M.								Polina Nasledskova		NOT IN THE FOLDER	editor name	Y
incollection	belyaev2018	Belyaev, Oleg	Aorist, Resultative and Perfect in Shiri Dargwa and beyond	2018		Brill	Leiden	80--119	The semantics of verbal categories in Nakh-Daghestanian languages		Forker, Diana and Maisak, Timur								Samira Verhees				Y
incollection	boeder2000	Boeder, Winfried	Evidentiality in Georgian	2000		Mouton de Gruyter	Berlin/New York	275--328	Evidentials. Turkic, Iranian and neighbouring languages		Johanson, Lars and Utas, Bo								Samira Verhees	30.03.2021			Y
book	bokarev1949a	Bokarёv, Anatolij A.	Očerk grammatiki čamalinskogo jazyka	1949	Grammar sketch of Chamalal	Izdatelʹstvo Akademii nauk SSSR	Moskva/Leningrad																Y
book	bokarev1949b	Bokarёv, Anatolij A.	Sintaksis avarskogo jazyka	1949	Syntax of Avar	Izdatelʹstvo Akademii nauk SSSR	Moskva																Y
book	bokarev1959	Bokarёv, Evgenij A.	Cezskie (didojskie) jazyki Dagestana	1959	Tsezic (Didoic) languages of Daghestan	Akademija	Moskva														NOT IN THE FOLDER		Y
book	bokarev1959tsez	Bokarёv, Evgenij A.	Cezskij jazyk	1959	Tsez	Akademija	Moskva	175--221	Cezskie (didojskie) jazyki Dagestana	Tsezic (Didoic) languages of Daghestan	Bokarёv, Evgenij A.								Chiara Naccarato	06.02.2021			Y
book	cercvadze1965	Cercvadze, Ilia I.	Andiuri ena 	1965	The Andi language	Mecniereba	Tbilisi																Y
incollection	chechuro2019	Chechuro, Ilya	Nominal morphology of Mehweb	2019		Language Science Press	Berlin	39--72	The Mehweb language. Essays on phonology, morphology and syntax		Daniel, Michael and Dobrushina, Nina and Ganenkov, Dmitry												Y
incollection	chumakina2016	Chumakina, Marina	Archi	2016		De Gruyter Mouton	Berlin/Boston	3595--3604	Word-Formation. An International Handbook of the Languages of Europe. Volume 5		Müller, Peter O. and Ohnheiser, Ingeborg and Olsen, Susan and Rainer, Franz										NOT IN THE FOLDER		Y
incollection	chumakina2018	Chumakina, Marina	Mood in Archi: Realization and semantics	2018		Brill	Leiden	215--246	The semantics of verbal categories in Nakh-Daghestanian languages		Forker, Diana and Maisak, Timur								Chiara Naccarato	17.12.2021			Y
incollection	chumakinacorbett2008	Chumakina, Marina and Greville G. Corbett	Archi: the challenge of an extreme agreement system	2008		Jazyki slavjanskix kulʹtur	Moskva	184--194	Fonetika i nefonetika. K 70-letiju Sandro V. Kodzasova		Arxipov, Aleksandr V. i dr.								Chiara Naccarato	02.02.2021			Y
misc	chumakinaetal2007	Chumakina, Marina and Brown, Dunstan and Corbett, Greville G. and Quilliam, Harley	A dictionary of Archi: Archi-Russian-English (Online edition)	2007		University of Surrey													Anastasia Panova	30.08.2021	retrieved from http://dx.doi.org/10.15126/SMG.16/2		Y
incollection	comrie2007	Comrie, Bernard	Tsez (Dido) Morphology	2007		Eisenbrauns	University Park, PA	1193--1204	Morphologies of Asia and Africa		Kaye, Alan S.								Polina Smyr	19.08.2021			Y
book	comrieetal2015	Comrie, Bernard and Khalilov, Madzhid and Khalilova, Zaira	A grammar of Bezhta	2015		Max Planck Institute for Evolutionary Anthropology	Leipzig												Timofey Mukhin	29.01.2021	problemnyj slučaj, kniga na samom dele na russkom, no pervoe nazvanie anglijskoe. + nado proveritʹ gde opublikovali		Y
incollection	comriepolinsky2007	Comrie, Bernard and Polinsky, Maria	Evidentials in Tsez	2007		Peeters	Louvain/Paris/Dudley MA	335--350	L'Énonciation médiatisée II		Guentchéva, Zlatka and Landabaru, John								Samira Verhees				Y
incollection	comriepolinskydraft2020	Comrie, Bernard and Polinsky, Maria	Tsez	2020		De Gruyter Mouton	Berlin/New York		The Caucasian Languages. An International Handbook		Koryakov, Yuri and Maisak, Timur								Anastasia Panova	30.08.2021	NOT IN THE FOLDER		Y
unpublished	creissels2008	Creissels, Denis	Optative in Akhvakh	2008												Questionnaire	http://www.deniscreissels.fr/public/Creissels-opt.Akhv.pdf						Y
incollection	creissels2012	Creissels, Denis	External agreement in the converbal construction of Northern Akhvakh	2012		De Gruyter Mouton	Berlin/New York	127--156	Clause linkage in cross-linguistic perspective		Gast, Volker and Diessel, Holger								Samira Verhees				Y
incollection	creissels2013	Creissels, Denis	Floating genitives and possessive framing in Northern Akhvakh	2013		John Benjamins	Amsterdam/Philadelphia	333--354	The Genitive		Carlier, Anne and Verstraete, Jean-Christophe								Chiara Naccarato	20.08.2021			Y
incollection	creissels2016	Creissels, Denis	Akhvakh	2016		De Gruyter Mouton	Berlin/Boston	3685--3694	Word-Formation. An International Handbook of the Languages of Europe. Volume 5		Müller, Peter O. and Ohnheiser, Ingeborg and Olsen, Susan and Rainer, Franz										NOT IN THE FOLDER		Y
incollection	creissels2018	Creissels, Denis	Perfective tenses and epistemic modality in Northern Akhvakh	2018		Brill	Leiden	166--187	The semantics of verbal categories in Nakh-Daghestanian languages		Forker, Diana and Maisak, Timur												Y
unpublished	creisselsdraft2020	Creissels, Denis	A sketch of Northern Akhvakh	2020		De Gruyter Mouton	Berlin/New York		The Caucasian Languages. An International Handbook		Koryakov, Yuri and Maisak, Timur												Y
incollection	daniel2001	Danièlʹ, Mixail A.	Padež i lokalizacija 	2001	Case and localization	Nasledie	Moskva	203--230	Bagvalinskij jazyk. Grammatika, teksty, slovari	The Bagvalal language. Grammar, texts, dictionaries	Kibrik, Aleksandr E. i dr.								Chiara Naccarato	20.08.2021			Y
unpublished	daniel2006	Daniel, Michael	Reported speech in Archi: a new approach to the old data	2006												Morphosyntaxe des langues du Caucase, 11-14.12.2006, INALCO Paris. Handout			Samira Verhees				Y
book	danieletal2019	Daniel, Michael and Dobrushina, Nina and Ganenkov, Dmitry	The Mehweb language. Essays on phonology, morphology and syntax	2019		Language Science Press	Berlin																Y
incollection	daraganmaisak2001	Daragan, Julija V. i Majsak, Timur A.	Časticy, sojuzy i transkategorialʹnye pokazateli	2001	Particles, conjunctions and transcategorical markers	Nasledie	Moskva	173--184	Bagvalinskij jazyk. Grammatika, teksty, slovari	The Bagvalal language. Grammar, texts, dictionaries	Kibrik, Aleksandr E. i Ljutikova, Ekaterina A. i Tatevosov, Sergej G.								Chiara Naccarato	08.02.2021			Y
book	desheriev1953	Dešeriev, Junus D.	Bacbijskij jazyk	1953	Tsova-Tush language	Akademija	Moskva																Y
book	desheriev1959	Dešeriev, Junus D.	Grammatika xinalugskogo jazyka	1959	Khinalug grammar	Akademija	Moskva																Y
book	desheriev1963	Dešeriev, Junus D.	Sravnitelʹno-istoričeskaja grammatika naxskix jazykov i problemy proisxoždenija i istoričeskogo razvitija gorskix kavkazskix narodov	1963	Historical-comparative grammar of Nakh languages and the origin and historical development of Caucasian mountain peoples	Čečeno-Ingušskoe knižnoe izdatelʹstvo	Groznyj												Samira Verhees				Y
incollection	desherieva1999	Dešerieva, T. I.	Naxskie jazyki	1999	Nakh languages	Rossijskaja akademija nauk	Moskva	166--173	Jazyki mira. Kavkazskie jazyki.	Languages of the World. Caucasian Languages.	Alekseev, Mixail E. i dr.								Samira Ochs			author name	Y
book	dirr1906	Dirr, Adolʹf	Kratkij grammatičeskij očerk andijskogo jazyka s tekstami,sbornikom andijskix slov i russkim k nemu ukazatelem.	1906	Brief outline of Andi language with a compilation of Andi words and Russian index		Tiflis (Tbilisi)												Polina Smyr	11.03.2021			Y
book	dmitriev1940	Dmitriev, Nikolaj K.	Grammatika kumykskogo jazyka	1940	Kumyk grammar	Akademija	Moskva																Y
incollection	dobrushina2011	Dobrushina, Nina  	The optative domain in East Caucasian languages	2011		Brockmeyer	Bochum 	95--130	Tense, aspect, modality and finiteness in East Caucasian languages		Authier, Gilles and Maisak, Timur										NOT IN THE FOLDER		Y
incollection	dobrushina2019	Dobrushina, Nina  	Moods of Mehweb	2019		Language Science Press	Berlin	117--165	The Mehweb language. Essays on phonology, morphology and syntax		Daniel, Michael and Dobrushina, Nina and Ganenkov, Dmitry								Chiara Naccarato	17.12.2021			Y
incollection	dobrushinaetal1996	Dobrushina, Nina and Kibrik, Aleksandr and Tatevosov, Sergei	Verbs	1996		Lincom Europa	Munich/Newcastle	44--74	Godoberi		Kibrik, Alexandr E. and Tatevosov, Sergej G. and Eulenberg, Alexander								Samira Verhees				Y
incollection	dobrushinatatevosov1996	Dobrushina, Nina and Tatevosov, Sergei	Usage of verbal forms	1996		Lincom Europa	Munich/Newcastle	91--106	Godoberi		Kibrik, Alexandr E. and Tatevosov, Sergej G. and Eulenberg, Alexander												Y
book	dum-tragut2009	Dum-Tragut, Jasmine	Armenian	2009		John Benjamins	Amsterdam/Philadelphia																Y
book	dzhidalaev1994	Džidalaev, Nurislam S.	Russko-lakskij slovarʹ	1994	Russian-Lak dictionary	Institut istorii, jazyka i literatury im. G. Cadasy	Maxačkala												Anastasia Panova	30.08.2021	NOT IN THE FOLDER		Y
unpublished	dzhidalaevetal2022	Džidalaev, Nurislam S. i Magomedova, Zagrat Dž. i Xalilov, Madžid Š.	Slovarʹ xvaršinskogo jazyka	2022	Khwarshi dictionary	IJaLI	Maxačkala												Chiara Naccarato	17.12.2021	NOT IN THE FOLDER		Y
phdthesis	eldarova1995	Èlʹdarova, Roza G.	Morfologija lakskogo glagola	1995	Morphology of the Lak verb		Maxačkala								IPC DGU				Chiara Naccarato	17.12.2021			Y
incollection	fedorova1996	Fedorova, Olga 	Usage of nominal forms	1996		Lincom Europa	Munich/Newcastle	76--91	Godoberi		Kibrik, Alexandr E. and Tatevosov, Sergej G. and Eulenberg, Alexander								Chiara Naccarato	08.02.2021			Y
book	forker2013	Forker, Diana	A grammar of Hinuq	2013		De Gruyter Mouton	Berlin/Boston																Y
incollection	forker2014	Forker, Diana	The grammar of knowledge in Hinuq	2014		Oxford University Press	Oxford	52--68	The grammar of knowledge. A cross-linguistic typology		Aikhenvald, Alexandra Y. and Dixon, R.M.W.												Y
incollection	forker2018avar	Forker, Diana	The semantics of evidentiality and epistemic modality in Avar	2018		Brill	Leiden	188--214	The semantics of verbal categories in Nakh-Daghestanian languages		Forker, Diana and Maisak, Timur								Samira Verhees		NOT IN THE FOLDER		Y
article	forker2018b	Forker, Diana	Gender agreement is different	2018				865--894				Linguistics	56	4					Chiara Naccarato	18.08.2021			Y
article	forker2019	Forker, Diana	The impact of language contact on Hinuq: Phonology, morphology, syntax, and lexicon	2019				29--62				Language Typology and Universals	72	2									Y
article	forker2019b	Forker, Diana	Reported speech constructions in Sanzhi Dargwa and their extension to other areas of grammar	2019				171--199				Sprachwissenschaft	44						Samira Verhees				Y
book	forker2020dargwa	Forker, Diana	A grammar of Sanzhi Dargwa	2020		Language Science Press	Berlin										https://langsci-press.org/catalog/book/250						Y
unpublished	forkerdraft2020	Forker, Diana	Avar grammar sketch	2020		Oxford University Press	Oxford		Oxford Handbook of Languages of the Caucasus		Polinsky, Maria												Y
article	friedman1984	Friedman, Victor A.	Status in the Lak verbal system	1984				135--149				Folia Slavica	7	1/2					Samira Verhees				Y
incollection	friedman2007	Friedman, Victor A.	The expression of speaker subjectivity in Lak (Daghestan)	2007		Peeters	Louvain/Paris/Dudley MA	351--376	L'Énonciation médiatisée II		Guentchéva, Zlatka and Landabaru, John												Y
book	gadzhiakhmedov2000	Gadžiaxmedov, Nurmagomed È.	Slovoizmenitelʹnye kategorii imeni i glagola v kumykskom jazyke	2000	Nominal and verbal inflectional categories in Kumyk	Jupiter	Maxačkala																Y
phdthesis	gadzhieva2007	Gadžieva, Marʹjam Zubajrovna	Fonetičeskie i morfologičeskie osobennosti tukitinskogo dialekta karatinskogo jazyka	2007											Dagestanskij gosudarstvennyj pedagogičeskij universitet				Samira Verhees				Y
unpublished	gadzhimagomedov2019	Gadžimagomedov, M. Z.	Ančixskij jazyk	2019	Anchiq											manuscript			Chiara Naccarato	17.12.2021		author name	Y
incollection	ganenkov2008	Ganenkov, Dmitrij S.	Morfologičeskaja i semantičeskaja xarakteristika padežej udinskogo jazyka	2008	Morphological and semantic characteristics of Udi	Akademija	Moskva	11--53	Udinskij sbornik: grammatika, leksika, istorija jazyka	Udi. Grammar. Lexicon. History of the language	Alekseev, Mixail E. i Majsak, Timur A. i Ganenkov, Dmitrij S. i Lander, Jurij A.												Y
article	ganenkovetal2009	Ganenkov, Dmitrij S. i Majsak, Timur A. i Merdanova, Solmaz R.	Diskursivnaja anafora v agulʹskom jazyke	2009		Institut jazykoznanija RAN	Moskva												Timofey Mukhin		article?	INCOMPLETE	Y
book	ganieva2002	Ganieva, Faida A.	Xinalugsko-russkij slovarʹ	2002	Khinalug-Russian dictionary	DNC RAN	Maxačkala												Anastasia Panova	30.08.2021			Y
book	gasanova1971	Gasanova, Saida M.	Očerki darginskoj dialektologii	1971	Essays on Dargwa dialectology	Institut istorii, jazyka i literatury im. G. Cadasy	Maxačkala												Anastasia Panova	30.08.2021			Y
book	gaydarovetal2009	Gajdarov, R. I. i Gjulʹmagomedov, A. G. i Mejlanov, U. A. i Talibov, B. B.	Sovremennyj lezginskij jazyk	2009	Modern Lezgian	Dagestanskij naučnyj centr Rossijskoj akademii nauk Institut jazyka, literatury i iskusstva im. Gamzata Cadasy	Maxačkala												George Moroz	06.08.2021	NOT IN THE FOLDER		Y
book	gimbatov2006	Gimbatov, M. M.	Avarsko-russkij slovarʹ	2006	Avar-Russian dictionary	DNC RAN	Maxačkala												Anastasia Panova			author name	Y
book	griunberg1963	Grjunberg, Aleksandr L.	Jazyk severoazerbajdžanskix tatov	1963	The language of the Northern Azerbaijani Tats	Izdatelʹstvo akademii nauk SSSR	Leningrad												Aigul Zakirova	21.09.21			Y
book	gudava1962	Gudava, Togo E.	Botlixuri ena	1962	The Botlikh language	Mecniereba	Tbilisi																Y
incollection	gudava1967	Gudava, Togo E.	Botlixskij jazyk	1967	Botlikh	Nauka	Moskva 	293--306	Jazyki narodov SSSR. Tom 4. Iberijsko-kavkazskie jazyki	Languages of the peoples of USSR. Volume 4. Ibero-caucasian languages	Bokarev, Evgenij A. i Lomatidze Ketevan								Chiara Naccarato	05.02.2021			Y
book	gukasyan1974	Gukasjan, Vorošil	Udinsko-azerbajdžansko-russkij slovarʹ	1974	Udi-Azerbaijani-Russian dictionary	Èlm	Baku												George Moroz	29.04.2021			Y
book	harris2002	Harris, Alice C.	Endoclitics and the origins of Udi morphosyntax	2002		Oxford University Press	Oxford												Chiara Naccarato	19.08.2021	NOT IN THE FOLDER		Y
book	haspelmath1993	Haspelmath, Martin	A grammar of Lezgian	1993		Mouton de Gruyter	Berlin/New York																Y
incollection	haspelmath1996	Haspelmath, Martin	Complement clauses	1996		Lincom Europa	Munich/Newcastle	174--196	Godoberi		Kibrik, Alexandr E. and Tatevosov, Sergej G. and Eulenberg, Alexander												Y
book	hewitt1995	Hewitt, George	Georgian. A Structural Reference Grammar	1995		School of Oriental and African Studies, University of London	London					London Oriental and African Language Library	2		University of London				Polina Smyr	30.08.2021			Y
book	hewitt2005	Hewitt, George	Georgian. A Learner's Grammar	2005		Routledge	London/New York												Chiara Naccarato				Y
incollection	holiskygagua1994	Holisky, Dee Ann and Gagua, Rusudan	Tsova-Tush (Batsbi)	1994		Caravan Books	Delmar NY	147--212	The indigenous languages of the Caucasus. Volume 4. Part 2		Smeets, Riek								Samira Verhees	28.01.2021			Y
book	ibragimov1978	Ibragimov, Garun X.	Rutulʹskij jazyk	1978	Rutul	Akademija Nauk SSSR	Moskva												Chiara Naccarato	19.08.2021	NOT IN THE FOLDER		Y
book	ibragimov1990	Ibragimov, Garun X.	Caxurskij jazyk	1990	Tsakhur language	Nauka	Moskva												George Moroz	28.04.2021			Y
book	ibragimov2004	Ibragimov, Garun X.	Rutulʹskij jazyk	2004	Rutul	Narody Dagestana	Maxačkala																Y
book	ibragimovnurmamedov2010	Ibragimov, Garun X. i Nurmamedov, Junus M.	Caxursko-russkij slovarʹ	2010	Tsakhur-Russian dictionary	Dagestanskij Gosudarstvennyj Pedagogičeskij Universitet	Maxačkala												Samira Verhees	31.01.2021			Y
book	isaev2001	Isaev, Mamoged-Šapi A. 	Russko-darginskij slovarʹ	2001	Russian-Dargwa dictionary	Institut istorii, jazyka i literatury im. G. Cadasy	Maxačkala												Anastasia Panova	30.08.2021			Y
book	isakovxalilov2001	Isakov, Isak A. i Xalilov, Madžid Š.	Gunzibsko-russkij slovarʹ	2001	Hunzib-Russian dictionary	DNC RAN Institut jazyka, literatury i iskusstva im. G. Cadasy i Institut èvoljucionnoj antropologii im. M. Planka	Maxačkala												Chiara Naccarato	31.01.2021			Y
book	isakovxalilov2012	Isakov, Isak A. i Xalilov, Madžid Š.	Gunzibskij jazyk (Fonetika. Morfologija. Slovoobrazovanie. Leksika. Teksty)	2012	Hunzib (Phonetics, Morphology, Word-Formation, Lexicon, Texts)	Institut istorii, jazyka i literatury im. G. Cadasy	Maxačkala												Anastasia Panova	30.08.2021	NOT IN THE FOLDER		Y
book	ismailova2011	Ismailova, Èminat I.	Russko-rutulʹskij slovarʹ	2011	Russian-Rutul dictionary	DNC RAN Institut jazyka, literatury i iskusstva im. G. Cadasy i Institut èvoljucionnoj antropologii im. M. Planka	Maxačkala												Chiara Naccarato	31.01.2021			Y
book	jakovlev1960	Jakovlev, Nikolaj F.	Morfologija čečenskogo jazyka	1960	Chechen morphology	Izdatelʹstvo Akademii nauk SSSR	Groznyj																Y
incollection	johanson2018	Johanson, Lars	Turkic indirectivity	2018		Oxford University Press	Oxford	510--524	The Oxford Handbook of Evidentiality		Aikhenvald, Alexandra Y.												Y
incollection	kalinina1999	Kalinina, Elena Ju.	Predloženija s imennym skazuemym	1999	Clause with a nominal subject	Moskva	Nasledie	420--448	Èlementy caxurskogo jazyka v tipologičeskom osveščenii	Elements of Tsakhur grammar in a typological perspective	Kibrik, Aleksandr E.								Chiara Naccarato	05.11.2021			Y
book	kalmykovasarueva1973	Kalmykova, Sofʹja A. i Sarueva, Marija F.	Grammatika nogajskogo jazyka	1973	Nogai grammar	Stavropolʹskoe knižnoe izdatelʹstvo	Čerkessk												Samira Verhees	28.01.2021			Y
book	kankava2001	Kankava,Mixail V.	Gruzinsko-russkij slovarʹ	2001	Georgian-Russian dictionary	Sakartvelos macie	Tbilisi												Polina Smyr	30.08.2021			Y
book	karasaevmaciev1978	Karasaev, Ajsaš T. i Maciev, Axmet G.	Russko-čečenskij slovarʹ	1978	Russian-Chechen dictionary	Russkij jazyk	Moskva												Chiara Naccarato	05.02.2021			Y
unpublished	kayeetaldraft2020	Kaye, Stephen and Martynova, Aleksandra, and Moroz, George and Rochant, Neige and Verhees, Samira and Zakirova, Aigul	A sketch of Andi (Zilo dialect)	2020		De Gruyter Mouton	Berlin/New York		The Caucasian Languages. An International Handbook		Koryakov, Yuri and Maisak, Timur								Samira Verhees				Y
misc	kasplingua	NA	KaspLingua	2016												Accessed: 2021-12-17		\url{https://kasplingua.ru/speaks/%d1%80%d0%b0%d0%b7%d0%b3%d0%be%d0%b2%d0%be%d1%80%d0%bd%d1%8b%d0%b5-%d1%84%d1%80%d0%b0%d0%b7%d1%8b-%d0%bd%d0%b0-%d0%bb%d0%b0%d0%ba%d1%81%d0%ba%d0%be%d0%bc-%d1%8f%d0%b7%d1%8b%d0%ba%d0%b5/}	Chiara Naccarato	17.12.2021		author?	Y
book	kazenin2013	Kazenin, Konstantin I.	Sintaksis sovremennogo lakskogo jazyka	2013	Syntax of contemporary Lak	IJaLI	Maxačkala																Y
book	kerimov1985	Kerimov, Kerim R.	Glagol xinalugskogo jazyka	1985	Verbs of Khinalug	Institut istorii, jazyka i literatury im. G. Cadasy	Maxačkala																Y
book	khajdakov1962	Xajdakov, Said M.	Laksko-russkij slovarʹ	1962	Lak-Russian dictionary	Gosudarstvennoe izdatelʹstvo inostrannyx i nacionalʹnyx slovarej	Moskva												Samira Verhees		Editor L.I.Žirkov, but I think it is usually attributed to the compiler only.		Y
book	khajdakov1966	Xajdakov, Said M.	Očerki po lakskoj dialektologii	1966	Sketches of Lak dialectology	Nauka	Moskva												Chiara Naccarato	19.08.2021	NOT IN THE FOLDER		Y
phdthesis	khalilova2009	Khalilova, Zaira	A grammar of Khwarshi	2009											University of Leiden								Y
article	khalilova2011	Khalilova, Zaira	Evidentiality in Tsezic languages	2011				30--48				Linguistic Discovery	9	2									Y
book	kibrik1977	Kibrik, Aleksandr E.	Opyt strukturnogo opisanija arčinskogo jazyka. Tom II. Taksonomičeskaja grammatika	1977	Structural description of Archi. Volume II. Taxonomic grammar	Izdatelʹstvo Akademii nauk SSSR	Moskva																Y
book	kibrik1977dict	Kibrik, Aleksandr E.	Arčinskij jazyk. Teksty i slovari	1977	Archi. Texts and dictionaries	Izdatelʹstvo Akademii nauk SSSR	Moskva												Chiara Naccarato	02.02.2021			Y
book	kibrik1977dynamic	Kibrik, Aleksandr E.	Opyt strukturnogo opisanija arčinskogo jazyka. Tom III. Dinamičeskaja grammatika	1977	Structural description of Archi. Volume III. Dynamic grammar	Izdatelʹstvo Akademii nauk SSSR	Moskva												Chiara Naccarato	02.02.2021			Y
book	kibrik1977vocphon	Kibrik, Aleksandr E. i Kodzasov, Sandro V. i Olovjannikova Irina P. i Samedov D. S.	Opyt strukturnogo opisanija arčinskogo jazyka. Tom I. Leksika i fonetika	1977	Structural description of Archi. Volume I. Vocabulary and phonetics	Izdatelʹstvo Moskovskogo universiteta	Moskva												Maksim Melenchenko	11.08.2021		author name	Y
incollection	kibrik1985	Kibrik, Andrej A.	Absentiv-aorist und resultativ in der andischen Sprache	1985		Friedrich Schiller Universität	Jena	55--66	Sprachen Europas und Asiens		Fähnrich, Heinz								Samira Verhees	13.10.2021			Y
incollection	kibrik1994a	Kibrik, Aleksandr E.	Archi	1994		Caravan Press	Delmar, NY	297--365	The Indigenous Languages of the Caucasus. Vol. 4: The Northeast Caucasian Languages. Part 2		Smeets, Rieks								Chiara Naccarato	19.08.2021	NOT IN THE FOLDER		Y
incollection	kibrik1994b	Kibrik, Aleksandr E.	Khinalug	1994		Caravan Press	Delmar, NY	367--406	The Indigenous Languages of the Caucasus. Vol. 4: The Northeast Caucasian Languages. Part 2		Smeets, Rieks								Chiara Naccarato	19.08.2021	NOT IN THE FOLDER		Y
book	kibrik1999	Kibrik, Aleksandr E.	Èlementy caxurskogo jazyka v tipologičeskom osveščenii	1999	Elements of Tsakhur grammar in a typological perspective	Moskva	Nasledie												Samira Verhees	28.01.2021			Y
incollection	kibrik1999sem	Kibrik, Aleksandr E.	Semantičeskaja èrgativnostʹ	1999	Semantic ergativity	Moskva	Nasledie	347--353	Èlementy caxurskogo jazyka v tipologičeskom osveščenii	Elements of Tsakhur grammar in a typological perspective	Kibrik, Aleksandr E.								Chiara Naccarato	05.11.2021			Y
book	kibrik2001	Kibrik, Aleksandr E. i Kazenin, Konstantin I. i Ljutikova, Ekaterina A. i Tatevosov, Sergej G.	Bagvalinskij jazyk. Grammatika, teksty, slovari	2001	The Bagvalal language. Grammar, texts, dictionary	Nasledie	Moskva																Y
book	kibriketal1972	Kibrik, Aleksandr E. i Kodzasov, Sandro V. i Olovjannikova, Irina P.	Fragmenty grammatiki xinalugskogo jazyka	1972	Fragments of Khinalug grammar	Izdatelʹstvo Akademii nauk SSSR	Moskva																Y
book	kibriketal1996	Kibrik, Alexandr and Tatevosov, Sergej and Eulenberg, Alexander	Godoberi	1996		Lincom Europa	Munich/Newcastle																Y
chapter	tatevosov1996	Tatevosov, Sergej	Attributives	1996		Lincom Europa	Munich/Newcastle	20—35	Godoberi														
book	kibrikkodzasov1990	Kibrik, Aleksandr E. i Kodzasov, Sandro V.  	Sopostavitelʹnoe izučenie dagestanskix jazykov. Imja. Fonetika	1990	A comparative study of Daghestanian languages. Noun. Phonetics	Izdatelʹstvo Akademii nauk SSSR	Moskva																Y
incollection	kozhukhar2019	Kozhukhar, Aleksandra	The self-pronoun in Mehweb	2019		Language Science Press	Berlin	271--293	The Mehweb language. Essays on phonology, morphology and syntax		Daniel, Michael and Dobrushina, Nina and Ganenkov, Dmitry								Chiara Naccarato	08.02.2021			Y
incollection	kozintseva2000	Kozintseva, Natalia A.	Perfect forms as a means of expressing evidentiality in Modern Eastern Armenian	2000		Mouton de Gruyter	Berlin/New York	401--418	Evidentials. Turkic, Iranian and neighbouring languages		Johanson, Lars and Utas, Bo								Samira Verhees				Y
misc	kumyktil	NA	Kʺumukʺ til	2021												Accessed: 2021-12-17		\url{https://kumykskij-jazyk.rf/ru/slovar}	Chiara Naccarato	17.12.2021		author?	Y
book	maciev1961	Maciev, Axmet G.	Čečensko-russkij slovarʹ	1961	Chechen-Russian dictionary	Gosudarstvennoe izdatelʹstvo inostrannyx i nacionalʹnyx slovarej	Moskva												Anastasia Panova	30.08.2021			Y
book	madieva1965	Madieva, Gjulʹšaxan I.	Grammatičeskij očerk bežtinskogo jazyka	1965	Grammatical profile of Bezhta	DGU	Maxačkala																Y
book	magomedbekova1967	Magomedbekova, Zagidat M.	Axvaxskij jazyk	1967	Akhvakh	Mecniereba	Tbilisi																Y
book	magomedbekova1971	Magomedbekova, Zagidat M.	Karatinskij jazyk	1971	Karata 	Mecniereba	Tbilisi																Y
incollection	magomedbekova1998	Magomedbekova, Zagidat M.	Tindinskij jazyk	1998	Tindi	Academia	Moskva	25--32	Jazyki mira. Kavkazskie jazyki	Languages of the world. Caucasian languages	Alekseev, Mixail E. i dr.								Chiara Naccarato	19.08.2021			Y
incollection	magomedbekova2001	Magomedbekova, Zagidat M.	Botlixskij jazyk	2001	Botlikh	Academia	Moskva	228--236	Jazyki mira. Kavkazskie jazyki	Languages of the world. Caucasian languages	Alekseev, Mixail E. i dr.								Chiara Naccarato	05.02.2021			Y
book	magomedova1999	Magomedova, Patimat T.	Čamalinsko-russkij slovarʹ	1999	Chamalal-Russian dictionary	IJaLI	Maxačkala																Y
book	magomedova2003	Magomedova, Patimat T.	Tindinsko-russkij slovarʹ	2003	Tindi-Russian dictionary	IJaLI	Maxačkala																Y
book	magomedova2004	Magomedova, Patimat T.	Bagvalinsko-russkij slovarʹ	2004	Bagvalal-Russian dictionary	IJaLI	Maxačkala																Y
book	magomedova2012	Magomedova, Patimat T.	Tindinskij jazyk	2012	Tindi	IJaLI	Maxačkala																Y
book	magomedovaabdulaeva2007	Magomedova, Patimat T. i Abdulaeva, Indira A.	Axvaxsko-russkij slovarʹ	2007	Akhvakh-Russian dictionary	IJaLI	Maxačkala												Samira Verhees				Y
book	magomedovaxalidova2001	Magomedova, Patimat T. i Xalidova, Rašidat Š.	Karatinsko-russkij slovarʹ	2001	Karata-Russian dictionary	IJaLI	Maxačkala																Y
book 	magomedovsaidovakutta2017	Magomedov, Amirbek D., Saidov-Akutta Nabigulla I.	Kubačinsko-russkij slovarʹ	2017	Kubachi-Russian dictionary	Nauka	Sankt-Peterburg												Polina Smyr	24.08.2021			Y
book	magometov1963	Magometov, Aleksandr A.	Kubačinskij jazyk	1963	Kubachi	Akademija Nauk Gruzinskoj SSR	Tbilisi																Y
book	magometov1965	Magometov, Aleksandr A.	Tabasaranskij jazyk: issledovanie i teksty	1965	Tabasaran: research and texts	Mecniereba	Tbilisi																Y
book	magometov1970	Magometov, Aleksandr A.	Agulʹskij jazyk	1970	Agul	Mecniereba	Tbilisi																Y
book	magometov1982	Magometov, Aleksandr A.	Megebskij dialekt darginskogo jazyka: issledovanie i teksty	1982	Mehweb dialect of Dargwa: research and texts	Mecniereba	Tbilisi												Polina Nasledskova				Y
misc	maisak2006	Majsak, Timur A.	Kratkij russko-udinskij razgovornik (Nidžskij dialekt) 	2006	Short Udi phrasebook (Nizh dialect)											Accessed: 2021-12-17		\url{http://udilang.narod.ru/texts/Udirazgovornik.pdf}	Chiara Naccarato	17.12.2021			Y
incollection	maisak2008	Majsak, Timur A.	Glagolʹnaja paradigma udinskogo jazyka (Nidžskij dialekt)	2008	Verb paradigm in Udi (Nizh dialect)	Akademija	Moskva	96--161	Udinskij sbornik: grammatika, leksika, istorija jazyka	Udi. Grammar. Lexicon. History of the language	Alekseev, Mixail E. i Majsak, Timur A. i Ganenkov, Dmitrij S. i Lander, Jurij A.												
book	maisak2014	Majsak, Timur A.	Agulʹskie teksty 1900-1960-x godov.	2014	Agul texts of the 1900-1960s	Academia	Moskva												Corrected (Chiara Naccarato)	01.02.2021			Y
incollection	maisak2016	Majsak, Timur A.	Perfekt i aorist v nidžskom dialekte udinskogo jazyka	2016	Perfect and aorist in the Nizh dialect of Udi	Nauka	Sankt-Peterburg	315--378	Tipologija perfekta		Majsak, Timur A. i Plungjan, Vladimir A. i Semёnova, Ksenija P.												Y
unpublished	maisak2016andi	Majsak, Timur A.	Glagolʹnaja sistema rikvaninskogo govora andijskogo jazyka: formoobrazovanie	2016	The verbal system of the Rikvani dialect of Andi: inflection	Handout													Samira Verhees				Y
unpublished	maisak2017	Maisak, Timur	Tense and aspect among the factors conditioning the distribution of quotatives: data from Andi	2017												12th Conference of the Association for Linguistic Typology (ALT) Workshop ``Reported speech as a syntactic domain'' Canberra, 15 December 2017. Hand-out							Y
incollection	maisak2018	Maisak, Timur	The Aorist/Perfect distinction in Nizh Udi	2018		Brill	Leiden	120--165	The semantics of verbal categories in Nakh-Daghestanian languages		Forker, Diana and Maisak, Timur												Y
misc	maisak2020	Maisak, Timur	Affixal, phrasal and clausal caritives in Nakh-Daghestanian	2020															Anastasia Panova	30.08.2021	this is a conference abstract		Y
incollection	maisak2021	Maisak, Timur	Structural and functional variations of the perfect in Lezgic languages	2021		John Benjamins	Amsterdam	88--115	The perfect volume		Eide, Kristin Melum and Fryd, Marc								Samira Verhees		NOT IN THE FOLDER		Y
incollection	maisakchumakina2001	Majsak, Timur A. i Čumakina, Marina È.	Diskursivnye časticy	2001	Discursive particles	Nasledie	Moskva	702--723	Bagvalinskij jazyk. Grammatika, teksty, slovari	The Bagvalal language. Grammar, texts, dictionaries	Kibrik, Aleksandr E. i Ljutikova, Ekaterina A. i Tatevosov, Sergej G.												Y
incollection	maisakganenkov2016	Maisak, Timur and Ganenkov, Dmitry 	Aghul	2016		De Gruyter Mouton	Berlin/Boston	3579--3594	Word-Formation. An International Handbook of the Languages of Europe. Volume 5		Müller, Peter O. and Ohnheiser, Ingeborg and Olsen, Susan and Rainer, Franz												Y
article	maisakmerdanova2002	Majsak, Timur A. i Merdanova, Solmaz R.	Kategorija èvidencialʹnosti v agulʹskom jazyke	2002	The category of evidentiality in Agul			102--112				Kavkazovedenie	1										Y
book	maisakmerdanova2002b	Majsak, Timur A. i Merdanova, Solmaz R.	Glagolʹnaja sistema xpjukskogo govora agulʹskogo jazyka	2002	Verb system of Huppuk Agul	Manuscript											http://www.lingvarium.org/maisak/publ/Maisak_Merdanova-2002-verb.pdf				NOT IN THE FOLDER		Y
incollection	maisakmerdanova2016	Majsak, Timur A. i Merdanova, Solmaz R.	Perfekt i smežnye značenija v agulʹskom jazyke	2016	The perfect and adjacent meanings in Agul	Nauka	Sankt-Peterburg	379--422	Tipologija perfekta	Typology of the perfect	Majsak, Timur A. i Plungjan, Vladimir A. i Semёnova, Ksenija P.								Samira Verhees				Y
article	maisaktatevosov1998	Majsak, Timur A. i Tatevosov, Sergej G.	Kodirovanie èpistemičeskogo statusa sredstvami morfosintaksisa	1998	Encoding of epistemic status with morphosyntactic means			60--88				Voprosy jazykoznanija		1					Samira Verhees				Y
incollection	maisaktatevosov2001	Majsak, Timur A. i Tatevosov, Sergej G.	Èvidencialʹnostʹ	2001	Evidentiality	Nasledie	Moskva	293--318	Bagvalinskij jazyk. Grammatika, teksty, slovari	The Bagvalal language. Grammar, texts, dictionaries	Kibrik, Aleksandr E. i Ljutikova, Ekaterina A. i Tatevosov, Sergej G.												Y
incollection	maisaktatevosov2007	Maisak, Timur and Tatevosov, Sergei	Beyond evidentiality and mirativity. Evidence from Tsakhur	2007		Peeters	Louvain/Paris/Dudley MA	377--406	L'Énonciation médiatisée II		Guentchéva, Zlatka and Landabaru, John												Y
book	mallaeva2007	Mallaeva, Zulajxat M.	Glagol avarskogo jazyka: struktura, semantika, funkcii	2007	The verb in Avar: structure, semantics, functions	IJaLI	Maxačkala																Y
phdthesis	maxmudova2002	Maxmudova, Svetlana M.	Grammatičeskie klassy slov i grammatičeskie kategorii rutulʹskogo jazyka	2002	Grammatical word classes and grammatical categories of Rutul										DGU								Y
book	mejlanova1984	Mejlanova, Uneizat A.	Buduxsko-russkij slovarʹ	1984	Budukh-Russian dictionary	Nauka	Moskva												Chiara Naccarato	31.01.2021			Y
book	merdanova2004	Merdanova, Solmaz R.	Morfologija i grammatičeskaja semantika agulʹskogo jazyka (na materiale xpjukskogo govora) 	2004	Morphology and grammatical semantics of Agul language based on Khpyuk dialect	RAN IJa	Moskva												Corrected (Chiara Naccarato)	01.02.2021			Y
book	mikailov1967	Mikajlov, Kazbek Š.	Arčinskij jazyk	1967	Archi	IJaLI	Maxačkala																Y
book	mobili2010	Mobili, Robert B.	Udinsko-azerbajdžansko-russkij slovarʹ	2010	Udi-Azerbaijani-Russian dictionary	Leman	Baku												Polina Smyr	30.08.2021			Y
unpublished	molochieva2007	Molochieva, Zarina	Category of evidentiality and mirativity in Chechen	2007												Conference on the Languages of the Caucasus, 7-9.12.2007, Max Planck Institute EVA, Leipzig. Hand-out							Y
phdthesis	molochieva2010	Molochieva, Zarina	Tense, aspect and mood in Chechen	2010											Universität Leipzig								Y
incollection	moroz2019	Moroz, George	Phonology of Mehweb	2019		Language Science Press	Berlin	17--37	The Mehweb language. Essays on phonology, morphology and syntax		Daniel, Michael and Dobrushina, Nina and Ganenkov, Dmitry								George Moroz	12.08.2021			Y
unpublished	morozetaldraft2021	Moroz, George and Naccarato, Chiara and Verhees, Samira	Godoberi	2021		De Gruyter Mouton	Berlin/New York		The Caucasian Languages. An International Handbook		Koryakov, Yuri and Maisak, Timur								George Moroz	12.08.2021	NOT IN THE FOLDER		Y
book	musaev2002	Musaev, Magomed-Said M.	Darginskij jazyk	2002	The Dargwa language	Akademija	Moskva								DGU								Y
book	musaev2018	Musaev, Kenesbaj M.	Nogajsko-russkij slovarʹ	2018	Nogai-Russian dictionary	Nauka	Moskva												Chiara Naccarato	17.12.2021			Y
book	mutalov2002	Mutalov, Rasul O.	Glagol Darginskogo jazyka	2002	The verb in Dargwa	Izdatelʹsko-poligrofičeskij centr DGU	Maxačkala																Y
incollection	mutalov2018	Mutalov, Rasul	The tense/aspect system of Standard Dargwa	2018		Brill	Leiden	49--79	The semantics of verbal categories in Nakh-Daghestanian languages		Forker, Diana and Maisak, Timur								Samira Verhees				Y
book	naftaliev2016	Naftaliev, Mardaxaj N.	Evrejsko (džuuri)-russkij slovarʹ	2016	Juhuri-Russian dictionary	STMÈGI	Moskva												Samira Verhees	31.01.2021			Y
incollection	nichols1994	Nichols, Johanna	Chechen	1994		Caravan Press	Delmar, NY	1--77	The Indigenous Languages of the Caucasus, vol. 4: The Northeast Caucasian Languages, Part 2		Smeets, Rieks												Y
incollection	nichols1994ingush	Nichols, Johanna	Ingush	1994		Caravan Press	Delmar, NY	79--145	The Indigenous Languages of the Caucasus, vol. 4: The Northeast Caucasian Languages, Part 2		Smeets, Rieks								Polina Nasledskova				Y
book	nichols2011	Nichols, Johanna	Ingush grammar	2011		University of California Press	Berkeley/Los Angeles																Y
misc	nicholssite	Nichols, Johanna	Useful phrases in Ingush	2021		University of California Press	Berkeley/Los Angeles									Accessed: 2021-12-17		\url{http://linguistics.berkeley.edu/~ingush/useful_phrases.html}	Chiara Naccarato	17.12.2021			Y
misc	omniglotGM	Ager, Simon	Good morning in many languages	2021												Accessed: 2021-12-17		\url{https://omniglot.com/language/phrases/goodmorning.htm}	Chiara Naccarato	17.12.2021			Y
mastersthesis	pasquereau2010	Pasquereau, Jérémy	Formes spatiales des noms en karata: emplois spatiaux et non-spatiaux	2010											Université Lumière Lyon II				Chiara Naccarato				Y
unpublished	pasquereaudraft2020	Pasquereau, Jérémy	Karata	2020		De Gruyter Mouton	Berlin/New York		The Caucasian Languages. An International Handbook		Koryakov, Yuri and Maisak, Timur								Samira Verhees				Y
unpublished	polinskydraft2015	Polinsky, Maria 	Tsez Syntax: A Description	2015															Sara Zadykyan				Y
article	ramattopadze2007	Giacalone Ramat, Anna and Topadze, Manana	The coding of evidentiality: a comparative look at Georgian and Italian.	2007				7--38				Rivista di Linguistica	19	1					Samira Verhees	31.03.2021			Y
book	ramazanov2010	Ramazanov, Muslim R.	Agulʹsko-russkij slovarʹ	2010	Agul-Russian dictionary	Lotos	Maxačkala												Samira Verhees				Y
incollection	saadiev1994	Saadiev, Sh. M.	Kryts	1994		Caravan Press	Delmar, NY	407--446	The Indigenous Languages of the Caucasus. Vol. 4: The Northeast Caucasian Languages. Part 2		Smeets, Rieks								Chiara Naccarato	19.08.2021	NOT IN THE FOLDER	author name	Y
book	saidova1973	Saidova, Patimat A.	Godoberinskij jazyk. Grammatičeskij očerk, teksty, slovarʹ	1973	Godoberi. Grammar, texts, dictionary	IJaLI	Maxačkala																Y
incollection	saidova2001	Saidova, Patimat A.	Botlixskij jazyk	2001	Botlikh	Academia	Moskva	222--228	Jazyki Rossijskoj Federacii i sosednix gosudarstv. Ènciklopedija v trex tomax	The languages of Russia and adjacent states. Encyclopaedia in three volumes									Chiara Naccarato	05.02.2021			Y
book	saidova2006	Saidova, Patimat A.	Godoberinsko-russkij slovarʹ	2006	Godoberi-Russian dictionary	DNC RAN Institut jazyka, literatury i iskusstva im. G. Cadasy i Institut èvoljucionnoj antropologii im. M. Planka	Maxačkala												Chiara Naccarato	31.01.2021			Y
book	saidova2007	Saidova, Patimat A.	Zakatalʹskij dialekt avarskogo jazyka	2007	The Zaqatala dialect of Avar	IJaLI	Maxačkala												Samira Verhees				Y
book	saidova2008	Saidova, Patimat A.	Dialektologičeskij slovarʹ avarskogo jazyka	2008	Avar dialect dictionary	Nauka	Sankt-Peterburg												Polina Smyr	22.08.2021			Y
book	saidovaabusov2012	Saidova, Patimat A. i Abusov, Magomed G.	Botlixsko-russkij slovarʹ	2012	Botlikh-Russian dictionary	DNC RAN Institut jazyka, literatury i iskusstva im. G. Cadasy i Institut èvoljucionnoj antropologii im. M. Planka	Maxačkala												Sara Zadykyan				Y
book	salimov2010	Salimov, Xangerej Saidovič	Gagatlinskij govor andijskogo jazyka	2010	The Gagatli dialect of Andi	IJaLI	Maxačkala												Samira Verhees		2010 reprint of a 1968 dissertation.		Y
book	schulze1982	Schulze, Wolfgang	Die Sprache der Uden in Nord-Azerbajdžan	1982		Otto Harrasowitz	Wiesbaden																Y
unpublished	schulze2005	Schulze, Wolfgang	A functional grammar of Udi	2005															Polina Nasledskova		NOT IN THE FOLDER	INCOMPLETE	Y
incollection	schulze2016khinalug	Schulze, Wolfgang	Khinalug	2016		De Gruyter Mouton	Berlin/Boston	3605--3622	Word-Formation. An International Handbook of the Languages of Europe. Volume 5		Müller, Peter O. and Ohnheiser, Ingeborg and Olsen, Susan and Rainer, Franz												Y
incollection	schulze2016lak	Schulze, Wolfgang	Lak	2016		De Gruyter Mouton	Berlin/Boston	3622--3638	Word-Formation. An International Handbook of the Languages of Europe. Volume 5		Müller, Peter O. and Ohnheiser, Ingeborg and Olsen, Susan and Rainer, Franz										NOT IN THE FOLDER		Y
incollection	schulze2016udi	Schulze, Wolfgang	Udi	2016		De Gruyter Mouton	Berlin/Boston	3564--3578	Word-Formation. An International Handbook of the Languages of Europe. Volume 5		Müller, Peter O. and Ohnheiser, Ingeborg and Olsen, Susan and Rainer, Franz												Y
phdthesis	shakhbanova2007	Šaxbanova, Džuma N.	Butrinskij govor darginskogo jazyka	2007	The Butri dialect of Dargwa										Dagestanskij Gosudarstvennyj Pedagogičeskij Universitet				Chiara Naccarato	19.08.2021	NOT IN THE FOLDER		Y
incollection	shejkhov1983	Šejxov, Ènver M.	Sistema poslelogov v buduxskom jazyke	1983		Karačaevo-čerkesskij NII istorii, filologii i èkonomiki	Čerkessk	282--287	Sistema preverbov i poslelogov v iberijsko-kavkazskix jazykax	The system of preverbs and postpositions in Caucasian languages	Tabulova, N. T. i Temirova, R. X.								Anastasia Panova	30.08.2021	NOT IN THE FOLDER		Y
book	shiralievsevortyan1971	Širaliev, Mamedaga Š. i Sevortjan, Èrvand V.	Grammatika azerbajdžanskogo jazyka (fonetika, morfologija, sintaksis)	1971	Azerbaijani grammar (phonetics, morphology, syntax)	Èlm	Baku																Y
incollection	sosenskaja1999	Sosenskaja, Tatʹjana B.	Sravnitelʹnye konstrukcii	1999	Comparative constructions	Nasledie	Moskva	560--568	Èlementy caxurskogo jazyka v tipologičeskom osveščenii	Elements of the Tsakhur language in a typological perspective	Kibrik, Aleksandr E. i Tatevosov, Sergej G.												Y
incollection	sosenskaja1999num	Sosenskaja, Tatʹjana B.	Čislitelʹnoe	1999	Numeral	Nasledie	Moskva	152-180	Èlementy caxurskogo jazyka v tipologičeskom osveščenii	Elements of the Tsakhur language in a typological perspective	Kibrik, Aleksandr E. i Tatevosov, Sergej G.								Polina Nasledskova				Y
incollection	sosenskaja1999post	Sosenskaja, Tatʹjana B.	Poslelog	1999	Postposition	Nasledie	Moskva	121--129	Èlementy caxurskogo jazyka v tipologičeskom osveščenii	Elements of the Tsakhur language in a typological perspective	Kibrik, Aleksandr E. i Tatevosov, Sergej G.								Chiara Naccarato	09.02.2021			Y
incollection	sosenskaja2001	Sosenskaja, Tatʹjana B.	Sravnitelʹnye konstrukcii	2001	Comparative constructions	Nasledie	Moskva	408--424	Bagvalinskij jazyk. Grammatika, teksty, slovari	The Bagvalal language. Grammar, texts, dictionaries	Kibrik, Aleksandr E. i Ljutikova, Ekaterina A. i Tatevosov, Sergej G.												Y
incollection	sosenskajatatevosov1996	Sosenskaja, Tatjana and Tatevosov, Sergej	Comparative construction	1996		Lincom Europa	Munich/Newcastle	167--169	Godoberi		Kibrik, Alexandr and Tatevosov, Sergej and Eulenberg, Alexander												Y
article	sulejmanova2013	Sulejmanova, Džavgarat I.	Nazvanija životnyx v botlixskom jazyke	2013	Animal names in Botlikh			195--198				Vestnik VÈGU	65	3					Chiara Naccarato	05.02.2021			Y
phdthesis	suleymanov1957	Sulejmanov, Ja. G.	Grammatičeskij očerk andijskogo jazyka (po dannym govora s. Rikvani)	1957	A grammar sketch of Andi (based on data from the Rikvani dialect)		Moskva								Institut jazykoznanija RAN SSSR				Polina Nasledskova			author name	Y
book	sumbatovalander2014	Sumbatova, Nina R. i Lander, Jurij A.	Darginskij govor selenija Tanty: grammatičeskij očerk. Voprosy sintaksisa	2014		Jazyki slavjanskoj kulʹtury	Moskva												Samira Verhees				Y
book	sumbatovamutalov2003	Sumbatova, Nina R. and Mutalov, Rasul O.	A Grammar of Icari Dargwa	2003		Lincom Europa	Munich																Y
book	talibov2007	Talibov, Bukar B.	Buduxskij jazyk	2007	Budukh	Akademija	Moskva																Y
book	talibovgadzhiev1966	Talibov, Bukar B. i Gadžiev, Magomed M.	Lezginsko-russkij slovarʹ	1966	Lezgian-Russian dictionary	Sovetskaja Ènciklopedija	Moskva												Samira Verhees	31.01.2021	NOT IN THE FOLDER		Y
incollection	tatevosov1996a	Tatevosov, Sergei	Attributives	1996		Lincom Europa	Munich/Newcastle	20--35	Godoberi		Kibrik, Alexandr E. and Tatevosov, Sergej G. and Eulenberg, Alexander								George Moroz	28.04.2021			Y
incollection	tatevosov1996b	Tatevosov, Sergei	Quantification	1996		Lincom Europa	Munich/Newcastle	237-255	Godoberi		Kibrik, Alexandr E. and Tatevosov, Sergej G. and Eulenberg, Alexander								Polina Nasledskova				Y
article	tatevosov2001	Tatevosov, Sergei	From resultatives to evidentials: Multiple uses of the perfect in Nakh-Daghestanian languages	2001				443--464				Journal of Pragmatics	33	3					Samira Verhees				Y
incollection	tatevosov2001gramtense	Tatevosov, Sergej G.	Analitičeskie glagolʹnye formy	2001	Analytical verb forms	Nasledie	Moskva	105--115	Bagvalinskij jazyk. Grammatika, teksty, slovari	The Bagvalal language. Grammar, texts, dictionaries	Kibrik, Aleksandr E. i Ljutikova, Ekaterina A. i Tatevosov, Sergej G.								Samira Verhees				Y
incollection	tatevosov2001numerals	Tatevosov, Sergej G.	Čislitelʹnoe	2001	Numeral	Nasledie	Moskva	155--159	Bagvalinskij jazyk. Grammatika, teksty, slovari	The Bagvalal language. Grammar, texts, dictionaries	Kibrik, Aleksandr E. i Ljutikova, Ekaterina A. i Tatevosov, Sergej G.												Y
incollection	tatevosov2007	Tatevosov, Sergej G.	Èvidencialʹnostʹ i admirativ v bagvalinskom jazyke	2007	Evidentiality and admirative in Bagvalal	Nauka	Sankt-Peterburg	351--397	Èvidencialʹnostʹ v jazykax Evropy i Azii: sbornik statej pamjati Natalʹi Andreevny Kozincevoj	Evidentiality in the languages of Europe and Asia: papers in honor of Natal'ja Andreevna Kozinceva	Xrakovskij, Viktor S.								Samira Verhees				Y
book	temirbulatova2004	Temirbulatova, Sapijaxanum M.	Xajdakskij dialekt darginskogo jazyka	2004	Khaidak dialect of Dargwa	Institut jazyka, literatury i iskusstva im. G. Cadasy	Maxačkala												Polina Nasledskova				Y
incollection	testelecxalilov1998	Testelec, Jakov G. i Xalilov, Madžid Š.	Bežtinskij jazyk	1998	Bezhta	Academia	Moskva	44--53	Jazyki mira. Kavkazskie jazyki	Languages of the world. Caucasian languages	Alekseev, Mixail E. i dr.								Chiara Naccarato	18.08.2021			Y
book	vandenberg1995	van den Berg, Helma	A grammar of Hunzib	1995		Lincom	Munich																Y
book	vandenberg2001	van den Berg, Helma	Dargi folktales. Oral stories from the Caucaus with an introduction to Dargi grammar	2001		CNWS	Leiden																Y
incollection	verhees2018	Verhees, Samira	The perfect in Avar and Andi: Cross-linguistic variation among two closely related East Caucasian languages	2018		John Benjamins	Amsterdam	261--280	Tense, aspect, modality and evidentiality: Cross-linguistic perspectives		Ayoun, Dalila and Celle, Agnès and Lansari, Laure								Samira Verhees				Y
unpublished	verheesnaccarato2019	Verhees, Samira and Naccarato, Chiara	Towards a tentative origin of animacy markers in Botlikh	2019															Polina Nasledskova		NOT IN THE FOLDER		Y
incollection	wilson2021	Wilson, Daniel J.	A sketch of Sagada morphology	2021		Institut jazykoznanija RAN	Moskva	386--410	Durxʺasi xazna. Sbornik statej k 60-letiju R. O. Mutalova	Durqasi χazna. A collection of papers for R. O. Mutalov’s 60th birthday	Majsak, Timur A. i Sumbatova, Nina R. i Testelec, Jakov G.								George Moroz	11.08.2021	NOT IN THE FOLDER		Y
article	xalidova2017	Xalidova, Rašidat Š.	Lingvističeskij portret botlixskogo jazyka	2017	A linguistic portrait of the Botlikh language			77--81				Vestnik Akademii nauk Čečenskoj respubliki	34	1					Chiara Naccarato	05.02.2021			Y
incollection	xalilov1998	Xalilov, Madžid Š.	Cezskij jazyk	1998	Tsez	Academia	Moskva	62--73	Jazyki mira. Kavkazskie jazyki	Languages of the world. Caucasian languages	Alekseev, Mixail E. i dr.												Y
book	xalilov1999	Xalilov, Madžid Š.	Cezsko-russkij slovarʹ	1999	Tsez-Russian dictionary	DNC RAN Institut jazyka, literatury i iskusstva im. G. Cadasy i Institut èvoljucionnoj antropologii im. M. Planka	Maxačkala												Chiara Naccarato	31.01.2021			Y
book	xalilov2015	Xalilov, Madžid Š.	Slovarʹ bežtinskogo jazyka	2015	A dictionary of the Bezhta language	DNC RAN Institut jazyka, literatury i iskusstva im. G. Cadasy i Institut èvoljucionnoj antropologii im. M. Planka	Maxačkala												Chiara Naccarato	31.01.2021	nado proveritʹ vse istočniki ètogo izdatelʹskogo doma, vezde po-raznomu		Y
book	xalilovisakov2005	Xalilov, Madžid Š. i Isakov, Isak A.	Ginuxsko-russkij slovarʹ	2005	Hinuq-Russian dictionary	DNC RAN Institut jazyka, literatury i iskusstva im. G. Cadasy i Institut èvoljucionnoj antropologii im. M. Planka	Maxačkala												Chiara Naccarato	31.01.2021			Y
book	xanmagomedovshalbuzov2001	Xanmagomedov, Bejdullax G-.K. i Šalbuzov, Kim T.	Tabasaransko-russkij slovarʹ	2001	Tabasaran-Russian dictionary	Nauka	Moskva																Y
book	yusupov2014	Jusupov, Xizri A. 	Darginsko-russkij slovarʹ 	2014	Dargwa-Russian dictionary	Institut istorii, jazyka i literatury im. G. Cadasy	Maxačkala												Polina Smyr	24.08.2021			Y
book	zhirkov1936	Žirkov, Lev I.	Avarsko-russkij slovarʹ	1936	Avar-Russian dictionary	Gosudarstvennyj institut "Sovetskaja ènciklopedija"	Moskva												Polina Smyr	22.08.2021			Y
book	zhirkov1955	Žirkov, Lev I.	Lakskij jazyk	1955	Lak	Akademija	Moskva																Y
article	martzloff2017	Martzloff, Vincent	The derivational history of ordinal numbers in Armenian, Georgian and other Caucasian languages	2017		Institut jazyka, literatury i iskusstva im. Gamzata Cadasy DNC RAN	Maxačkala	154—158	Historical linguistics of the Caucasus: Book of abstracts		Otʹe Ž., Žerarden È., Magomedov M. I., Majsak T. A.								Maksim Melenchenko	09.11.2021			